Model,Accuracy,Precision,Recall,F1
HRIDYA-QML,0.73,0.6987951807228916,0.9666666666666667,0.8111888111888111
